{"cameraMode":{"drawMode":0,"name":"Shaded","section":"Shading Mode"},"sceneLighting":false,"audioPlay":false,"sceneViewState":{"m_AlwaysRefresh":false,"showFog":true,"showSkybox":false,"showFlares":true,"showImageEffects":true,"showParticleSystems":true,"showVisualEffectGraphs":true,"m_FxEnabled":true},"in2DMode":false,"pivot":{"x":3.3708419799804689,"y":1.0871634483337403,"z":2.5553131103515627},"rotation":{"x":-0.0015970137901604176,"y":0.8465668559074402,"z":0.0025396503042429687,"w":0.532285749912262},"size":8.361995697021485,"orthographic":true}