{"cameraMode":{"drawMode":0,"name":"Shaded","section":"Shading Mode"},"sceneLighting":false,"audioPlay":false,"sceneViewState":{"m_AlwaysRefresh":false,"showFog":true,"showSkybox":false,"showFlares":true,"showImageEffects":true,"showParticleSystems":true,"showVisualEffectGraphs":true,"m_FxEnabled":true},"in2DMode":false,"pivot":{"x":0.6414749026298523,"y":0.8768410682678223,"z":0.039692580699920657},"rotation":{"x":0.028494128957390786,"y":0.011994910426437855,"z":-0.0003419571148697287,"w":0.9995244145393372},"size":1.633672833442688,"orthographic":true}