{"cameraMode":{"drawMode":0,"name":"Shaded","section":"Shading Mode"},"sceneLighting":false,"audioPlay":false,"sceneViewState":{"m_AlwaysRefresh":false,"showFog":true,"showSkybox":false,"showFlares":true,"showImageEffects":true,"showParticleSystems":true,"showVisualEffectGraphs":true,"m_FxEnabled":true},"in2DMode":false,"pivot":{"x":-2.4767448902130129,"y":1.4857749938964844,"z":0.1940392255783081},"rotation":{"x":0.05884769186377525,"y":0.6172868013381958,"z":-0.046383846551179889,"w":0.7831676006317139},"size":3.7262701988220217,"orthographic":true}