{"cameraMode":{"drawMode":0,"name":"Shaded","section":"Shading Mode"},"sceneLighting":false,"audioPlay":false,"sceneViewState":{"m_AlwaysRefresh":false,"showFog":true,"showSkybox":false,"showFlares":true,"showImageEffects":true,"showParticleSystems":true,"showVisualEffectGraphs":true,"m_FxEnabled":true},"in2DMode":false,"pivot":{"x":0.4977525472640991,"y":0.4995858669281006,"z":0.1308741271495819},"rotation":{"x":-0.010724637657403946,"y":0.6299765110015869,"z":-0.008699050173163414,"w":-0.7764965295791626},"size":0.6123724579811096,"orthographic":false}