{"cameraMode":{"drawMode":0,"name":"Shaded","section":"Shading Mode"},"sceneLighting":false,"audioPlay":false,"sceneViewState":{"m_AlwaysRefresh":false,"showFog":true,"showSkybox":false,"showFlares":true,"showImageEffects":true,"showParticleSystems":true,"showVisualEffectGraphs":true,"m_FxEnabled":true},"in2DMode":false,"pivot":{"x":0.6982790231704712,"y":1.083687424659729,"z":-1.494147777557373},"rotation":{"x":0.028494128957390786,"y":0.011994910426437855,"z":-0.0003419571148697287,"w":0.9995244145393372},"size":2.2137415409088136,"orthographic":true}